"Nome","Endereço","Endereço.2"
"Capim Santo","Alameda Min. Rocha Azevedo, 471 - Jardins, 01410-001 São Paulo - SP, Telefone: (11) 3089-9500www.capimsanto.com.br","Embaixada da gastronomia brasileira contemporânea, o Capim Santo se tornou referência internacional com o cardápio criado pela Chef Morena Leite, que mescla a tropicalidade de Trancoso com a técnica Cordon Bleu."
"Ecully ","Rua Cotoxó, 493 , 05021-000 Vila Pompeia, São Paulo - SP, (11) 3853-3933www.ecully.com.br","Écully (com acento) é uma cidadezinha francesa próxima a Lyon, capital da gastronomia francesa. Lá, fica o Institut Paul Bocuse, escola de gastronomia onde o Guilherme e a Juliana se conheceram, ou seja, onde toda essa história de gastronomia começou."
"El Carbón ","R. Pamplona, 1704, Jardim Pamplona Shopping Rooftop - 4 andar , 01405-002 Jardim Paulista, São Paulo - SP, (11) 4171-0727www.elcarbon.com.br","O ambiente projetado por André Rodrigues (Loudtt) é moderno e descolado, inspirado em estabelecimentos de NY. O espaço é dividido entre salão interno, lounge com bar e mesas na área externa. Há música ambiente e um DJ convidado todas as quintas-feiras. A carta de vinhos abrange cerca de 80 rótulos."
"Hospedaria","R. Borges de Figueiredo, 82, 03110-010 Mooca, São Paulo - SP, (11) 2291-5629www.restaurantehospedaria.com.br","Restaurante que faz parte do movimento de revitalização do bairro da Mooca. O conceito da casa é servir receitas de família baseadas nas adaptações que os imigrantes faziam em suas cozinhas ao chegarem ao Brasil, desde o ínicio do século XX até os dias de hoje. A cozinha fica aos cuidados dos chefs Fellipe Zanuto e Lucas Dante"
"ICI Bistrô","R. Pará, 36, 01243-020 Consolação São Paulo - SP, (11) 3259-6896www.icibistro.com.br","Inspirada nos clássicos bistrôs franceses, a casa é comandada pelo chef Benny Novak e o restaurateur Renato Ades desde 2002. Hoje, 15 anos e muitos prêmios depois, se firmou como um dos principais endereços da culinária francesa na capital paulistana. Steak tartare, moules frites, escargots à la bourguignonne, thon mi-cuit, magret de carnard, carré d'agneau e pain perdu são alguns dos pratos icônicos do bistrô."
"Ilha das Flores","R. Curumins, 5, 05672-010 Cidade Jardim, São Paulo - SP, (11) 3031-5644www.ilhadasflores.com.br","O Ilha das Flores é um dos bares mais atraentes da cidade, destino obrigatório das décadas de 90 e 2000, e atravessando os anos no mesmo endereço: um passo do Shopping Cidade Jardim ao lado da Marginal Pinheiros. Ao mesmo tempo recolhido, quase escondido em uma rua sem saída. De cara nova, o bar é considerado um excelente destino gastro-etílico."
"Jamile","R. Treze de Maio, 647, 01326-010 Bela Vista, São Paulo - SP, (11) 2985-3005www.jamilerestaurante.com.br","O Jamile foi inaugurado em setembro de 2015 pelos sócios Anuar Tacach, Alberto Hiar e Henrique Fogaça, chef de cozinha e responsável pelo cardápio oferecido. A ideia do trio é oferecer ao público um ambiente moderno, com boa gastronomia, diversas opções de vinho e também drinques autorais. É um ótimo lugar para reunir família, encontrar os amigos ou, até mesmo, fechar negócios. A casa está localizada no bairro do Bixiga, que foi escolhido pela tradição histórica e gastronômica que representa para a cidade de São Paulo. O espaço tem a assinatura do projeto arquitetônico de Rafic Farah e paisagismo de Marcelo Faisal. O salão é amplo e tem referências industriais em sua composição, além de toda a cozinha ser aberta para o público observar. Fora isso, a casa ainda aposta em rooftop, com chão de madeira e teto retrátil, que é ótima opção para a realização de eventos. Também há uma parede para projeções de vídeos e jogos. O nome Jamile é uma homenagem à mãe de Hiar."
"La Casserole","Largo do Arouche, 346 , 01219-010 República, São Paulo - SP, (11) 3331-6283www.lacasserole.com.br","Em 1954, Roger e Fortunée Henry escolheram abrir o restaurante à frente do romântico mercado de flores do Arouche. Desde então, elas recriam a atmosfera parisiense, enfeitando o salão de dentro e de fora da janela. Marie assumiu em 1987 e agora o La Casserole recebe a terceira geração dos Henry: Leo e Marie dividem a gestão do restaurante mantendo o espírito de sempre no qual tradição e inovação convivem harmoniosamente."
"La Mar","R. Amauri, 328, 01406-200 Jardim Europa - São Paulo - SP, (11) 3073-1213www.lamarcebicheria.com.br","A gastronomia nova-andina nunca foi tão almejada em toda sua história. Esperada pelos gourmets brasileiros e indicada como uma das próximas grandes cozinhas pelos principais chefs do mundo, a gastronomia peruana desembarcou em São Paulo em 2009 através da rede La Mar e com a chancela do seu principal difusor, o chef Gastón Acurio. A unidade paulistana segue à risca o estilo de todos os restaurantes espalhados pelo mundo, mantendo a natural e costumeira alegria das cebicherias, no que envolve serviço, ambiente, música e, claro, o absoluto respeito a autenticidade de sua cozinha."
"Le Bife","R. Pedroso Alvarenga, 1088, 04531-004 Itaim Bibi, São Paulo - SP, (11) 4324-0783www.lebife.com.br","Sob o comando do masterchef Érick Jacquin, o Le Bife é mais que um restaurante especializado em carnes. É um novo conceito gastronômico inspirado no modelo francês 'Bistronomia', onde chefs de renome em restaurantes despojados e com preço justos, preparam deliciosos pratos."
"Margot Bistrot & Café","R. Antônio de Macedo Soares, 1683, 04607-003 Campo Belo, São Paulo - SP, (11) 2309-9515www.margotbistrot.com.br","O Margot Bistrot, Café e Bar é um lugar que vai conquistar você, não somente pelo estômago, mas também pelo olhar. Com excelente infraestrutura, atendimento de qualidade e decoração ímpar, ele charmoso e aconchegante. Seus quatro ambientes, planejados com primor, fazem com que a casa seja ideal para reunir amigos, família e realizar eventos. Embora seu requinte indique o contrário, seus preços são modestos. Por conta disso e de muito mais (que você vai descobrir ao visitar e revisitar o bistrô), é que este lugar certamente entrará para o seu top list de ‘favoritos’."
"MiCi Restaurante","R. Min. Ferreira Alves, 244, 05009-060 Vila Pompeia - São Paulo - SP, (11) 3871-5294www.micirestaurante.com.br","Aberto no início de 2017 pela chef Cintia Piubelli e pela restauratrice Michele Reis, o nome da casa - formado pelas iniciais dos nomes das proprietárias - reflete o conceito despretensioso do lugar: Michele atende pessoalmente os clientes enquanto Cintia não arreda o pé da cozinha. O restaurante ganhou cardápio de tons contemporâneos a preços que cabem no bolso e se destaca por valorizar ingredientes brasileiros e mesclá-los a receitas e sabores clássicos de diversas partes do mundo."
"Pecorino Bar & Trattoria","JARDIM PAULISTA: Alameda Joaquim Eugênio de Lima, 1706 – Tel.: (11) 2339-2887 / SHOPPING VILA OLIMPIA: R. Olimpíadas, 360, Loja 404 – Tel.: (11) 3044-5879 / VN CONCEIÇÃO: R. Domingos Leme, 687, Tel.: (11) 3842-2375www.pecorino.com.br","A rede Pecorino Bar & Trattoria, por meio de ingredientes selecionados, em boa parte importados da Itália, soube exatamente como trazer parte da Itália para o Brasil. Tradição e modernidade andam juntas e proporcionam momentos incríveis aos fãs da boa comida, não só com um cardápio diverso, mas também com um ambiente aconchegante."
"Pecorino Cucina Mediterrânea","ITAIM BIBI: Av. Horácio Lafer, 517 - Tel.: (11) 2337-0211 / PINHEIROS: R. Natingui, 1558 - Tel.: (11) 3554-3432www.pecorino.com.br"," "
"Piselli","R. Padre João Manuel, 1253, 01411-000 Cerqueira César, São Paulo - SP, (11) 3081-6043www.piselli.com.br","Em 31 de julho de 2004, em seu aniversário de 35 anos, Juscelino Pereira inaugurou o Restaurante Piselli. O nome, que significa “ervilha”, em italiano, não foi escolhido de forma aleatória. Quando adolescente, ele decidiu plantá-la em Joanópolis, cidade em que nasceu, na região da Serra da Mantiqueira. Escolheu a leguminosa, já que não existia na região. Seria o início de sua vida como agricultor. Mas a plantação não deu certo, pois as sementes eram de ervilha torta e não aquela em grãos e deveriam ter sido colhidas antes. Com a decepção da perda, Juscelino mudou-se para São Paulo e trabalhou em diversos restaurantes, em diversas funções, até montar o Piselli. A escolha do nome é uma homenagem à leguminosa que transformou sua vida. A culinária do Piselli traz receitas clássicas da Itália e inspirações da região norte, em especial o Piemonte. A carta de vinhos possui 130 rótulos, sendo em sua maioria italianos, incluindo vinhos exclusivos de importação própria, europeus e do Novo Mundo."
"Piselli Sud","Shopping Iguatemi - Av. Brg. Faria Lima, 2232, 01489-900 Jardim Paulistano, São Paulo - SP, (11) 3031-5404www.piselli.com.br/piselli-sud","Em 31 de julho de 2004, em seu aniversário de 35 anos, Juscelino Pereira inaugurou o Restaurante Piselli. O nome, que significa “ervilha”, em italiano, não foi escolhido de forma aleatória. Quando adolescente, ele decidiu plantá-la em Joanópolis, cidade em que nasceu, na região da Serra da Mantiqueira. Escolheu a leguminosa, já que não existia na região. Seria o início de sua vida como agricultor.  Mas a plantação não deu certo, pois as sementes eram de ervilha torta e não aquela em grãos e deveriam ter sido colhidas antes. Com a decepção da perda, Juscelino mudou-se para São Paulo e trabalhou em diversos restaurantes, em diversas funções, até montar o Piselli. A escolha do nome é uma homenagem à leguminosa que transformou sua vida. Depois de 11 anos de história em São Paulo, recebemos o convite do Sr. Carlos Jereissati para abrirmos nosso segundo restaurante na capital: o Piselli Sud, no Shopping Iguatemi São Paulo. Sud, quer dizer Sul em Italiano. A culinária do Piselli Sud traz receitas clássicas italianas e outras inspiradas na região Sul da Itália. A carta de vinhos possui 130 rótulos, sendo em sua maioria italianos, incluindo vinhos exclusivos de importação própria, europeus e do Novo Mundo."
"Quintana Bar","Rua Olavo Bilac, 57, 04671-050 Vila Sofia, São Paulo - SP, (11) 2129-6570www.quintana.bar","Os sabores da história do Sul, onde índios, espanhóis, portugueses, africanos, alemães, italianos, poloneses, açorianos e ucranianos formaram os estados do Paraná, Santa Catarina e Rio Grande do Sul. Uma experiência agradável e emotiva para ser compartilhada à mesa. Nosso cardápio é fruto de pesquisa e respeito à tradição e origem destes imigrantes. Notas de Mário Quintana por todo o ambiente. Então, pedimos licença para apresentar a cozinha do Sul do Brasil!"
"Tappo Trattoria","R. da Consolação, 2967, 01416-001 Cerqueira César, São Paulo - SP, (11) 3063-4864www.tappo.com.br","A casa do chef Benny Novak e o restaurateur Renato Ades, hoje comandada pelo Chef Italiano Antonio Maiolica, acaba de completar 10 anos. Localizada no coração dos Jardins e com salão aconchegante, acomoda a clientela habitué que vêm em busca dos clássicos italianos: o premiado spaghetti alla carbonara, linguine all'aragosta, spaghetti cacio e pepe, lasanha da casa e vitello tonnato entre muitos outros."
"Tartuferia Giapponese","Alameda Lorena, 1892, 01424-002 Jardim Paulista, São Paulo - SP, (11) 3564-2015www.facebook.com/tartuferiagiapponese","A Tartuferia Giapponese une a clássica cozinha japonesa com a italiana, trazendo como protagonista a maior iguaria do universo gastronômico: as trufas. O menu conta com sushis e pratos quentes e nasceu sob a proposta de defender o melhor jeito brasileiro de ser japonês, com pratos contemporâneos, que mantém a tradição de duas culinárias clássicas muito apreciadas no país."
"Tartuferia San Paolo","JARDINS: Rua Oscar Freire, 155 - Telefone: (11) 3854-0085 / Alameda Lorena, 1906 - Telefone: (11) 3831.8072www.tartuferiasanpaolo.com.br","A Tartuferia San Paolo nasceu de uma curiosidade gastronômica que, com o tempo, transformou-se num verdadeiro caso de amor por trufas italianas. A síntese é um projeto único no mundo, que concilia a gastronomia milenar da Itália, mais especificamente das trufas, com o sabor e criatividade da culinária brasileira."
"Timo Cucina","R. Pamplona, 1704 - Jardim Pamplona Shopping Rooftop - 4 andar, 01405-002 Jardim Paulista, São Paulo - SP, (11) 4115-9098www.timorestaurante.com.br","Inaugurado em novembro de 2017 no rooftop do Jardim Pamplona Shopping, o Timo Cucina é mais um empreendimento do Grupo Hervilha, liderado pelo restaurateur Juscelino Pereira, Walter Rossi, Marcelo Martino e Renata Russo. A casa tem como especialidade pratos típicos de trattorias italianas, porém com toques modernos. O cardápio foi elaborado pelo chef Marcelo Martino e a decoração é inspirada em trattorias modernas de Nova York. A casa possui música ambiente e a carta de vinhos conta com aproximadamente 80 rótulos."
"Veríssimo Bar","R. Flórida, 1488 - Brooklin Paulista, 04570-000 Brooklin Paulista, São Paulo - SP, (11) 5506-6748www.verissimo.bar","Gastronomia, Literatura e Música - o Verissimo Bar homenageia o escritor Luis Fernando Veríssimo na decoração. O menu é assinado pelo chef e proprietário Marcos Livi e são servidas delícias da comida de botequim e da culinária espanhola."
"Antonietta Cucina","R. Mato Grosso, 412, 01227-000 Consolação, São Paulo - SP, (11) 3567-2052www.antoniettasp.com.br","A Rua Mato Grosso, em Higienópolis, é o berço do Antonietta Cucina há quase dez anos, desde que abriu as portas. Sob comando da dupla Milton Freitas e Alessandro Tagliari, o restaurante com origens ítalas, agora tem um novo chef na cozinha, Antonio Maiolica, que traz para o menu referências da região de Campanha, sua terra natal, e um pastifício, de onde saem diariamente pães e massas que podem ser levadas para preparar em casa. Ao lado, um bar com balcão para sentar também estreia, apresentando drinques clássicos italianos."
"Bar Botica","Rua André Ampére, 215, 04562-080 Brooklin Novo, São Paulo SP, (11) 5507-4125www.botica.bar","O Bar Botica ao longo de dez anos, conquistou os clientes com ótima gastronomia em um cardápio versátil, que une petiscos, pratos clássicos, cozinha de botequim e buffet de feijoada. Alguns exemplos dessa cozinha inventiva são: o Cone de Baião no Varal, Costelinha Suína no Balde, Bife à role empanado, entre outros. A jabuticabeira no meio do salão é um dos pontos fortes da casa. "
"Bar Brahma","Av. São João, 677, 01036-000 Centro, São Paulo - SP, (11) 2039-1250www.barbrahmacentro.com","'Alguma coisa acontece no meu coração, que só quando cruzo a Ipiranga e a Avenida São João'… Na esquina mais emblemática de SP, o Bar Brahma, há mais de 128 anos na cidade, já foi reduto de intelectuais, políticos e palco de grandes personagens da música brasileira, a começar a lista com o querido Cauby Peixoto. Considerado por muitos o melhor chopp de SP, o ambiente retrô traz pratos clássicos como o Picadinho Velho Centro, o Chateaubriand au Poivre ou o Parmegiana Casa Di Sampa. Não deixe de conhecer também o Bar Brahma Aeroclube, localizado dentro de um hangar no Aeroclube de SP, no Campo de Marte, lugar de música ao vivo e de reflexões sobre aviação, com direito a um simulador de vôo."
"Bar Léo","AURORA: R. Aurora, 100 - Tel.: (11) 3221-0247 / VILA MADALENA: Rua Aspicuelta, 578 - Tel: (11) 3819-0656www.barleo.com.br"," "
"Così","R. Barão de Tatuí, 302 , 01226-030 Santa Cecilia, São Paulo - SP, (11) 3826-5088www.restaurantecosi.com.br","Cozinha fresca, mas sem frescuras. Simples ""assim"", como sugere o nome em italiano, Così."
"Extásia","R. Diogo Jacome, 361, 04512-001 Vila Nova Conceição, São Paulo - SP, (11) 3842-0737www.extasia.com.br","O restaurante EXTÁSIA, uma união das palavras Êxtase e Ásia, combina gastronomia contemporânea com referências asiáticas. O premiado Chef Flávio Miyamura apresenta as duas cozinhas através de pratos criativos, sofisticados e inusitados. Opções no estilo Raw Bar (ingredientes frescos, crus e preparados na hora) e também pratos distintos como o arroz de pato, são algumas sugestões. Em parceria com a importadora Grand Cru, no salão do andar térreo, é possível harmonizar os pratos com os melhores vinhos do Velho e Novo Mundo."
"Farabbud","MOEMA: Alameda dos Anapurus, 1253 - Tel.:(11) 5054-1648 / VN CONCEIÇÃO: R. Diogo Jacome, 360 - Tel.: (11) 3044-4358, 04087-005 Moema, São Paulo - SPwww.farabbud.com.br"," "
"Feed","R. Dr. Mario Ferraz, 547, 01453-011 Jardim Paulistano, São Paulo - SP, (11) 5627-4700www.feed.com.br","Feed é o sonho de uma família de fazendeiros de produzir uma das melhores carnes do Brasil a um preço acessível. Nas terras da Fazenda Santa Fé em Goiás e por todo o Brasil, selecionamos os melhores animais do mundo criados com as técnicas mais avançadas do mercado qualidade da ração aos processos de confinamento, nada escapa ao olhar criterioso do fazendeiro. Todo esse esforço é para trazer para você direto do produtor a melhor carne da sua vida, todos os dias. Além de levar para casa referência em qualidade, você também pode almoçar no nosso restaurante e descobrir sabores deliciosos."
"Felix Bistrot","R. José Félix de Oliveira, 555 - Granja Viana, 06708-415 Cotia - SP, Telefone: (11) 4612-2339www.felixbistrot.com.br","A apenas 20 min. da Av. Brig. Faria Lima, na Granja Viana, está localizado um autêntico relais de champagne. É o Felix Bistrot, com mais de 20 anos de história, cuja cozinha – comandada pelo Restaurateur Vinícius Rioli – reúne todo o requinte da alta gastronomia francesa aliada a ingredientes tipicamente brasileiros."
"Ícone Gastrorock","Rua Fidalga, 79, 05432-070 Pinheiros, São Paulo - SP, (11) 2667-6217www.iconegastrorock.com","Localizado no bairro da Vila Madalena, o Ícone GastroRock é uma casa com uma culinária autoral e multicultural, inspirado em Izakayas, sushi bares, bares de tapas e restaurantes com balcão, aproximando o cliente da rotina do lugar, sempre preocupada com a qualidade dos insumos e também de seus fornecedores."
"Isla Café + Cia. Orgânica","R. Simão Álvares, 97, 05417-030 Pinheiros, São Paulo - SP, (11) 99976-0378www.laisla.me","Nasce um novo projeto fruto da necessidade de entender que alimentação é também respeito, consciência e futuro. Se não mudarmos a maneira como nos relacionamos com a comida agora, corremos o risco de perder o sabor e os nutrientes de amanhã. No La Isla acreditamos que a qualidade é indispensável, não a quantidade. Que os benefícios a longo prazo valem muito mais do que gratificações instantâneas. Para que isso aconteça precisamos respeitar todos os seres vivos e o tempo que leva para tê-los em nosso prato. O nosso bem-estar não é prioridade, mas sim de todos que habitam esse planeta. A comida que chega em sua mesa hoje é muito mais do que a porção que você leva a boca."
"Jacarandá","R. Alves Guimarães, 153, 05410-000 Pinheiros, São Paulo - SP, (11) 3083 3003 / 3083 3014www.jacarandabr.com.br","É fácil passar despercebido pela fachada, mas ao entrar, o impacto do refinado ambiente meia luz com um pé de Jacarandá decorando o meio do salão faz os visitantes se sentirem à vontade para ficar e apreciar sua gastronomia. Instalado em um belo jardim em Pinheiros desde 2012, o restaurante tem alma sul-americana e apresenta uma cozinha com foco no ingrediente e respeito à natureza orgânica do produto assinada pelo Chef Danilo Gozetto."
"*Mamuang Thai House","R. Dr. Melo Alves, 205, 01417-010 Jardins, São Paulo - SP, (11) 3086-4774www.instagram.com/barcandeeiro/"," "
"Manish","Av. Horácio Lafer, 491, 04538-082 Itaim Bibi, São Paulo - SP, (11) 3071-3663www.manishrestaurante.com.br","Cozinha árabe reinventada que prima pelos ingredientes frescos, orgânicos e sem conservantes."
"Mr. Baker","R. Augusta, 2440, 01413-100 Jardim Paulista, São Paulo - SP, (11) 4210-1888www.mrbaker.com.br","Mr. Baker é uma padaria que prioriza produtos orgânicos e oferece uma variedade incrível de comidas e aperitivos deliciosos."
"*Na Cozinha","","*Atenção: lamentamos informar que o Na Cozinha encerrou as atividades."
"Osteria del Pettirosso","Alameda Lorena, 2155, 01424-006 Jardim Paulistano, São Paulo - SP, (11) 3062-5338www.pettirosso.com.br"," "
"Paris 6 Burlesque Bistrô","R. Augusta 2809, 01413-100 Cerqueira César, São Paulo - SP, (11) 99602-0649www.paris6burlesque.com.br","Conheça a casa mais charmosa de São Paulo. O menu completo do Paris6 que você já conhece, com música ao vivo todos os dias. Acesse a programação que une cultura, música e gastronomia no Bistrô do Paris 6 Burlesque."
"Praça São Lourenço","R. Casa do Ator, 608,  Itaim Bibi, São Paulo - SP, (11) 3053-9300www.pracasaolourenco.com.br","O Praça São Lourenço é um local onde a arte de comer bem encontra harmoniosamente com a arte de viver bem. Com 1.500 metros quadrados de natureza, combina excelente comida com um serviço impecável, respeita o meio ambiente natural, respeita as crianças e organiza eventos."
"Saj","PAMPLONA: Rua Pamplona, 1704 - 4º andar, Tel.: (11) 3884-6020 / JARDINS: R. Joaquim Antunes, 260 - Tel.: (11) 2574-3665 / MORUMBI: Morumbi Shopping – Piso Lazer, Av. Roque Petroni Júnior, 1089 - Tel.: (11) 5189-6700 / VILA MADALENA: R. Girassol, 523 - Tel.: (11) 3032-5939 / VILA LEOPOLDINA  R. Carlos Weber, 1512 - Tel.: (11) 3085-1647www.sajrestaurante.com.br"," "
"Santinho","Instituto Tomie Ohtake: Rua Coropé, 88 - Tel.: (11) 3034-4673 / Museu da Casa Brasileira: Av. Brg. Faria Lima, 2705 - Tel.: (11) 3032-2277www.restaurantesantinho.com.br"," "
"Serafina","JARDINS: Alameda Lorena, 1705 - Tel.: (11) 3081-3702 / ITAIM: R. Pedroso Alvarenga, 1051 - Tel.: (11) 3079-1391 / SHOPPING JK: Av. Pres. Juscelino Kubitschek, 2041 - Tel.: (11) 3849-0636www.serafinarestaurante.com.br"," "
"Taka Daru Izakaya","R. Costa Carvalho, 234, 03178-200 Pinheiros, São Paulo - SP, (11) 3034-0937www.takadaru.com","Inaugurado em 2016, o Taka Daru está em Pinheiros, um dos bairros mais boêmios de São Paulo. No ambiente típico e original, com decoração carregada em madeira e que remete de imediato ao Japão, destaca-se uma frondosa quaresmeira. Da cozinha saem pratos de izakaya com pegada contemporânea, assinados por Uilian Goya, chef que comanda a casa desde 2018, após a aquisição do restaurante pelo Grupo Antonietta, liderado pelos restaurateurs Milton Freitas e Alessandro Tagliari."
"Tubaína Bar","Rua Haddock Lobo, 74 - ,  Cerqueira César, São Paulo SP, (11) 3129-4930www.tubainabar.com.br","Nenhum outro nome seria melhor para este bar, ponto de encontro de todas as idades e tribos. Localizado bem no coração do Baixo Augusta, o Tubaína é humor, tradição e ao mesmo tempo modernidade. Tubaína é a saudade da infância na casa dos avôs no interior. Tubaína é simplicidade, e é um luxo!   "
"A Pizza da Mooca","Rua da Mooca, 1747 , 03118-030 Mooca, São Paulo - SP, (11) 3571-1221www.apizzadamooca.com.br","Há 8 anos no bairro, a A Pizza da Mooca foi uma das primeiras pizzarias de São Paulo a servir pizzas feitas com farinha italiana e de tamanho individual, como é feita em Napoli. O espaço é super charmoso. Sob o comando do chef Fellipe Zanuto, as pizzas são feitas com baixa fermentação e são utilizados ingredientes importados e de produtores artesanais locais."
"Bullguer","VILA NOVA CONCEIÇÃO: Rua Diogo Jácome, 606 - Tel.: (11) 3044-2757 / VILA MADALENA: Rua Fradique Coutinho, 1136 - Tel.: (11) 3360-4703 / PERDIZES: Rua Traipú, 156 - Tel.: (11) 3865-4648 / ELDORADO: Av. Rebouças, 3970, 2º subsolo, Tel.: (11) 4380-7378 / SANTANA: R. Ana Benvinda de Andrade, 192 - Tel: (11) 3895-5120 / JARDINS: Rua Peixoto Gomide, 1088 - Tel.: (11) 2507-3777 / JARDIM SUL: Av. Giovanni Gronchi, 5819 - 2º andar - Tel.:(11) 2737-0073 / TAMBORÉ: Av. Piracema, 669 - Tel.:(11) 4191-1794 / JUNDIAI: Av. 9 de Julho, 3333, Piso Nove de Julho - Tel.: (11) 4526-1939www.bullguer.com"," "
"Dona Firmina Pizzaria","Alameda dos Anapurus, 1491, 04087-004 Moema - São Paulo - SP, (11) 5093-0302 / (11) 5096-1298 / (11) 5049-2346www.donafirminapizzaria.com.br","Inspirada nas raízes portuguesas e no berço da pizza - a Itália - a Dona Firmina traz em seu cardápio criações inovadoras desenvolvidas a partir de receitas clássicas de famosas regiões portuguesas e italianas, além de opções tradicionais sempre muito procuradas pelos comensais. A massa da Dona Firmina tem um preparo especial com a farinha italiana Caputo e um processo de fermentação lenta, de no mínimo dois dias. Este cuidado na hora de fazer a base da pizza confere uma textura macia, leve e de fácil digestão. Uma camada de molho de tomate pelado italiano acompanha as coberturas preparadas com ingredientes de primeira qualidade presentes em todas as sugestões da casa."
"Frank & Charles","Rua Tinhorão, 130, 01241-030 Higienópolis, São Paulo - SP, (11) 3624 8763www.frankandcharles.com.br","Localizado em uma charmosa rua, em Higienópolis, o Frank & Charles foi criado em 2014 pelo chef Marcelo Campos, recém chegado de uma temporada em Londres. Com diversos prêmios, entre eles a segunda melhor hamburgueria de SP pela VejaSP Comer e Beber 2018/2019; o melhor hambúrguer do Brasil pelo Guia do Hambúrguer 2017 e entre os melhores pratos de SP pelo Paladar, Estadão."
"Izakaya Toki","R. Artur de Azevedo, 986, 05404-002 Pinheiros, São Paulo - SP, (11) 3061-2349contato@izakayatoki.com.br","Izakaya é o boteco dos japoneses, onde se come muito petisco, pede uma boa bebida e se joga conversa fora."
"Kinu ","Av. das Nações Unidas, 13301, 04578-000 Brooklin Paulista, São Paulo - SP, (11) 2838-3208www.pacoteshyatt.com.br/restaurantes/8/kinu/","O Kinu revisita a tradicional culinária japonesa, unindo, em seus pratos, o passado e o presente. Trazendo elementos diferenciados e inusitados, o cardápio resgata memórias e raízes da culinária japonesa, com toques de modernidade e ingredientes brasileiros. Sushi bar, sobremesas exclusivas, sala privativa e uma completa carta de saquês nacionais e internacionais completam a experiência. "
"Kosushi Cidade Jardim","Shopping Cidade Jardim - Av. Magalhães de Castro, 12000, 04551-065 Cidade Jardim, São Paulo - SP, (11) 3552-7272www.kosushi.com.br","Assinado pelo George Yuji Koshoji, o cardápio mescla a tradicional culinária japonesa com a contemporânea; autêntico sem perder a originalidade da gastronomia japonesa."
"Living Lounge Bar & Sushi","Alameda Santos, 2233, 01419-002 Jardins, São Paulo - SP, (11) 3069-2233www.marriott.com/hotels/hotel-information/restaurant/saobr-renaissance-sao-paulo-hotel/","Com design moderno e casual, a decoração sofisticada e boa música fazem do Living Lounge Bar & Sushi o local ideal tanto para um happy hour com drinques e petiscos locais quanto para quem simplesmente busca um bom lugar para conversar e saborear a gastronomia oriental com pratos exclusivos."
"Meats","R. dos Pinheiros, 320, 05422-000 Pinheiros, São Paulo - SP, (11) 2679-6323www.restaurantemeats.com.br","O Meats já se tornou um dos novos clássicos quando o assunto é Hambúrguer. Permita-se descobrir novos sabores com as ousadas criações de Paulo Yoller, que sempre está inovando no cardápio da casa."
"1900 Pizzeria ","MOEMA: Alameda dos Nhambiquaras, 573 – Tel.: (11) 5904-1342 / VILA MARIANA: R. Estado de Israel, 240 – Tel.: (11) 5575-1900 / JARDINS: R. Barão de Capanema, 348 – Tel.: (11) 5575-1900 / CHACARA FLORA: R. Sócrates, 598 - Vila Sofia - Tel.: (11) 5904-1342 / PERDIZES: Rua Cotoxó, 944 - Tel.: (11) 5904-1345 / MORUMBI: R. Dr. Fonseca Brasil, 282 - Tel.: (11) 5904-1346 / TATUAPE: Rua Itapura, 787 - Tel.: (11) 5904-1347www.1900.com.br"," "
"Suri ","R. Mateus Grou, 488 , 05415-040 Pinheiros, São Paulo - SP, (11) 3034-1763www.suri.com.br","O Suri é uma cevicheria de amigos feita para outros amigos que tem como essência o frescor e individualidade dos ingredientes. Venha curtir conosco uma experiência especial, viajando pelos sabores da América Latina e conhecendo um pouco mais da cultura do nosso continente."
"Armazém Jacarandá","R. Alves Guimarães, 153 , 03178-200 Pinheiros, São Paulo - SP, (11) 3083-3003www.jacarandabr.com.br","Localizado na entrada do restaurante Jacarandá, estão à venda itens de mercearia, queijos e embutidos de pequenos produtores das diferentes regiões brasileiras, além de pães de fermentação natural, sorvetes caseiros e uma feira de orgânicos vindos da Cooperapas, em Parelheiros. Entre os produtos, estão queijo da Serra da Canastra, goiabada de São Gonçalo de Minas, mel de cooperativa do Rio Grande do Sul, o premiado doce de leite de Viçosa, pé de moleque da Colônia, vindos de Santo Antônio da Patrulha, doces de Pelotas e de Canela entre outros mais."
"Armazem Morumbi Restaurante","Av. das Nações Unidas, 12901 , 04578-000 Brooklin Paulista, São Paulo - SP, (11) 2845-0370www.armazemmorumbi.com.br","Produtos orgânicos e locais, pratos elaborados com simplicidade e opções saudáveis em um ambiente aconchegante - essa é a proposta do restaurante do Hilton São Paulo Morumbi, o Armazem Morumbi. Destacando-se pelo buffet com alimentos frescos em estações gourmet para atender a todos os gostos o brunch do Armazem Morumbi é a opção ideal para sua família."
"C-Cultura Caseira ","Av. das Nações Unidas, 13301, 04795-100 Itaim Bibi, São Paulo - SP,  (11) 2838-3203www.saopaulo.grand.hyatt.com/pt/hotel/dining/c---cultura-caseira.html","O restaurante C–Cultura Caseira traz uma mistura de sabores que proporciona uma comida prazerosa, com ingredientes sazonais, entrelaçados à rica cultura brasileira. O restaurante apresenta uma cozinha comfort food com influências brasileiras, portuguesas e italianas. Localizado no lobby do Grand Hyatt São Paulo, o restaurante C conta com show kitchen e bar integrado que dão vida ao espaço."
"Cantina","R. Visc. de Parnaíba, 1316, 03164-300  Brás, São Paulo - SP, (11) 2692-1866www.cantinasp.com.br","O Cantina é uma cafeteria construída dentro do Museu da Imigração em São Paulo. Serve cafés especiais, bolos e pães feitos na casa e tambêm Brunch aos finais de semana e feriados. Tudo sob os cuidados dos chefs Fellipe Zanuto e Lucas Dante."
"Cha Cha","R. Bela Cintra, 1425 - Jardins, Telefone: (11) 3064-3718 / R. Lopes Neto, 340 - Itaim Bibi, Telefone: (11) 2640-4004www.chacharestaurante.com.br"," "
"Kez Bagel & Café","R. dos Pinheiros, 725, 05422-011 Pinheiros, São Paulo - SP, (11) 2589-3198www.kezbagel.com.br","A Kez Bagel & Café abriu suas portas na Rua dos Pinheiros em 2017 com a proposta evidenciar a culinária judaica tendo o bagel como protagonista. A casa conta com uma padaria própria que oferece uma ótima variedade de pães, especialmente os tradicionais judaicos, um menu executivo para o almoço e, aos finais de semana, um delicioso brunch – tudo isso regado a cafés especiais."
"Kofi & Co.","Rua Alexandre Dumas, 1518, 04717-003 Santo Amaro, São Paulo - SP, (11) 3624-4838www.kofiandco.com.br","Venha viver uma experiência sensorial com cafés artesanais, chás especiais, vinhos, cervejas e cachaças artesanais. Nosso cardápio de comida contemporânea foi carinhosamente elaborado para atender paladares variados. Ponto de encontro de apreciadores de cafés, o Kofi & Co tem uma arquitetura industrial e descolada. Ainda conta com uma extensa biblioteca repleta de livros sobre cafés, chás, vinhos, cervejas, cachaças e gastronomia que fica a disposição dos clientes. Temos um ambiente acolhedor para você viver bons momentos. Divirta-se!"
"Lá da Venda","Rua Harmonia, 161, Vila Madalena, Telefone: (11) 3037 7702 / Lá da Vendinha, Rua Lopes Chaves, 402 A, Barra Funda, Telefone: (11) 3868-1407 / Lá da Venda - JK Iguatemi, Av. Pres. Juscelino Kubitschek, 2041 - Vila Olimpia, Telefone: (11) 3152-6780www.ladavenda.com.br"," "
"Las Chicas","Rua Oscar Freire, 1607 - Pinheiros, 05409-010 São Paulo, Telefone: (11) 3063-0533www.laschicas.net.br","Ambiente aconchegante que traz comida simples e sem frescura, mas difícil de ser encontrada em outros lugares. Cozinha multicultural, com influências americanas, brasileiras, italianas, francesas, marroquinas e até portenhas."
"Le Botteghe di Leonardo","JARDINS: Rua Oscar Freire, 42, Telefone: (11) 2528-2000 / HIGIENOPOLIS: Rua Armando Penteado, 56 ITAIM BIBI: Rua Bandeira Paulista, 387 ALPHAVILLE: Shopping Iguatemiwww.lebotteghedileonardo.com.br","Receitas exclusivas italianas, gelatos saborosos, naturais, com rigorosa escolha de ingredientes, total atenção à saúde, utilizando produtos sem gorduras vegetais, conservantes ou monoglicerídeos. O rigoroso processo artesanal segue três preceitos: paixão, qualidade e excelência. Única loja no Brasil, em São Paulo, seis lojas na Itália e duas na China, em Beijing.   "
"Officina","Praça Sir Willian Crookes, 18, 04567-110 Brooklin Novo, São Paulo - SP, (11) 5102-4811www.facebook.com/OfficinaMarket","Um empreendimento onde a arte da massa encontra gastronomia, criatividade e praticidade. Tudo é feito artesanalmente e à mão. Com três seleções de serviços, a Officina serve o pão artesanal, a massa pra levar para casa ou comer ali mesmo num ambiente moderno e rústico, e a verdadeira 'Pizza Napoletana'."
"Padaria da Esquina","Alameda Campinas, 1630, 01404-002 Jardim Paulista, São Paulo - SP, (11) 2387-0149www.padariadaesquina.com","A Padaria da Esquina é a mais recente página na história do Grupo da Esquina do Chef Vitor Sobral e do restaurateur Edrey Momo. Lá você pode encontrar pães de fermentação natural e doces típicos da terrinha. Inaugurada em 2016, é eleita a Melhor Padaria de São Paulo por toda a mídia especializada."
"Terraço Jardins Renaissance","Alameda Santos, 2233, 01419-002 Jardins, São Paulo - SP, (11) 3069-2233www.marriott.com/hotels/hotel-information/restaurant/saobr-renaissance-sao-paulo-hotel/","Descubra os sabores Brasileiros e viaje o Brasil inteiro em um menu completo! Explore a criativa gastronomia local com um menu elaborado pelos chefs do Renaissance e inspire-se nas raízes da gastronomia Paulista: Nosso menu é inspirado nas origens da gastronomia Paulistana, com influências caiçara e caipira, explorando os ingredientes locais mais frescos, de pequenos produtores do estado de São Paulo."
"Astor","www.barastor.com.br","VILA MADALENA: Rua Delfina, 163 - Vila Madalena, São Paulo SP 05443-010, (11) 3815-1364 / SHOPPING JK: Av Juscelino Kubitschek, 2041 Piso térreo - Vila Olímpia, São Paulo SP - Tel.: (11) 3152-6057"
"Bráz Elettrica","PINHEIROS: R. dos Pinheiros, 220, Telefone: (11) 3061-5132 / JARDINS: Alameda Campinas, 1.289, Telefone: (11) 3051-6136 / HIGIENOPOLIS: Shopping Pátio Higienópolis, Av. Higienópolis, 618 - Terraço, Telefone: (11) 3823-2655 / AUGUSTA: R. Antônio Carlos, 328, Telefone: (11) 3171-3947www.brazelettrica.com"," "
"Bráz Pizzaria","HIGIENOPOLIS: Rua Sergipe, 406 - Tel.: (11) 3214-3337 / MOEMA: R. Graúna, 125 - Tel.: (11) 5561-1736 / PINHEIROS: R. Vupabussu, 271 / Tel.: (11) 3037-7975 / PERDIZES: R. Piracuama, 155 - Tel.: (11) 2366-9894 / TATUAPÉ: Rua Apucarana, 1572 - Tel.: (11) 2676-2457 / VILA MARIANA: R. Gandavo, 447 - Tel.: (11) 5082-3800www.brazpizzaria.com.br"," "
"Bráz Trattoria","Shopping Cidade Jardim 4º piso Av. Magalhães de Castro, 12000 - Morumbi, 05502-001 São Paulo, (11) 3198-9435www.braztrattoria.com.br","A Bráz Trattoria traz uma irresistível viagem pelos clássicos da cozinha simples da Itália, suas osterias e trattorias, renovados com talento e bossa. Num só lugar e a qualquer hora, é possível se ter uma experiência com todos os mais adorados e populares capítulos da cozinha “casalinga” italiana, dos antepastos às pizzas, dos pães artesanais às massas e carnes."
"ICI Brasserie ","www.icibrasserie.com.br","JARDINS: Rua Bela Cintra, 2203, São Paulo - SP, 01415002 - Tel.: (11) 2883-5063 / SHOPPING JK IGUATEMI: Av. Juscelino Kubitschek, 2041 Piso 3 - Tel.: (11) 3078.1313 /  SHOPPING MARKET PLACE: Av. Doutor Chucri Zaidan, loja 106 – Piso Térreo - Tel.: (11) 5181.5561 / SHOPPING VILLA LOBOS: Avenida das Nações Unidas, 4777, piso 3 - Tel.: (11) 3024.3930"
"Lanchonete da Cidade","JARDINS: Alameda Tietê, 110 - Tel.: (11) 3086-3399 / SHOPPING CIDADE JARDIM: Av. Magalhães de Castro, 12.000, Piso 1 - Tel.: (11) 3198-9301 / MOEMA: Av. Macuco, 355 - Tel.: (11) 3569-8252 / SHOPPING HIEGIENOPOLIS: Av. Higienópolis, 674, Piso Veiga Filho - Tel.: (11) 3823-2642 / PINHEIROS: Rua Coropés, 51, Tel.: (11) 3819-0229www.lanchonetedacidade.com.br"," "
"Câmara Fria ","R. Graúna, 137, 04514-000 Moema, São Paulo - SP, (11) 5093-9486www.facebook.com/barcamarafria","Chopps frescos e especiais, mas acessíveis e fáceis de beber, uma pizza irresistível e outras comidinhas pra comer com a mão, uma atmosfera transada e cosmopolita. Um bar surpreendente de chopp e cervejas especiais, com o capricho e a simplicidade do Bar Original."
"Original","R. Graúna, 137, 04514-000 Moema, São Paulo - SP, (11) 5093-9486www.baroriginal.com.br","Um garçom que me chama pelo nome, um petisco cheio de sabor, o chopp tradicional, sempre impecável. O Original é o botequim de confiança, aquele onde nos sentimos em casa, mas onde também nos surpreendemos a cada visita pelas demonstrações de carinho e atenção ao detalhe."
"Pirajá","PINHEIROS: Av. Brg. Faria Lima, 64 - Tel.: (11) 3815-6881 / JARDINS: Alameda Santos, 1737 / Tel.: (11) 2679-4162 / MORUMBI SHOPPING: Av. Roque Petroni Júnior, 1089 - Tel.: (11) 5181-2929 / SHOPPING ELDORADO: Av. Rebouças, 3970 - 3º piso - Tel.: (11) 2197-6066 / IGUATEMI ALPHAVILLE: Alameda Rio Negro, 111 - Tel.: (11) 4193-4295www.piraja.com.br"," "
"SubAstor","Rua Delfina, 163, 05443-010 Vila Madalena, São Paulo SP, (11) 3815-1364www.subastor.com.br","Para viver um segredo, às vezes é necessário descer um lance de escadas. Escondido atrás de cortinas de veludo, você encontra o bar abaixo do bar. O ambiente é dominado por uma áurea de charme e mistério."
"Bar Obelisco","Av. Pedro Álvares Cabral, 1301 - 8 andar dentro do MAC-USP, 04094-050 Parque Ibirapuera, São Paulo - SP, (11) 2658-3188www.vistasaopaulo.com.br","Bar Obelisco fica anexo ao premiado restaurante Vista (melhor brasileira Veja Comer & Beber 2018), em pleno parque do Ibirapuera, na cobertura do MAC USP. Aberto de terça a sábado (a partir das 18h), possui uma programação musical variada com shows de música brasileira, jazz e clássicos, além de festas e DJs que trazem a sonoridade das décadas de 70, 80, 90 e 00, mixadas a disco, grooves e house. A coquetelaria é do Zulu e Jairo Gama, e a gastronomia do chef Marcelo Corrêa Bastos."
"Bardassê","R. Dr. Renato Paes de Barros, 994, 04530-001 Itaim Bibi, São Paulo - SP, (11) 3044-1307www.bardasse.negocio.site","Com mais de cem rótulos na casa, chopes artesanais e pratos também feitos a partir da bebida, o Bardassê ficou conhecido como a Casa da Cerveja. O cardápio harmonizado foi elaborado pelo chef boliviano Checho Gonzales e as comidas do café da manhã, almoço e happy hour, também possuem harmonização de cervejas e drinks (assinados pelo premiado Kennedy Nascimento)."
"Benzina Bar","R. Girassol, 396, 03178-200 Sumarezinho, São Paulo - SP, (11) 3031-2008www.benzina.bar","No Benzina, a ordem é beber bem e gastar pouco. Descontraído, o bar do Grupo Bullguer é sucesso de público desde a inauguração. A casa, comandada por Gabriel Santana, jovem e talentoso barman, apresenta drinques autorais e releituras inéditas de clássicos da coquetelaria e foi premiada como melhor bar 'Bom e Barato' pela Veja SP em 2018."
"Café Society","R. Amauri, 334, 01406-200 Itaim Bibi, São Paulo - SP, (11) 3071-4591www.cafesocietysp.com.br","Um autêntico night club: no palco, as melhores atrações do jazz ao soul music. E nas mesas e no bar, opções dos appetizers ao jantar completo e coquetéis autorais. Tudo em um cenário sofisticado e com conforto. Uma noite única na cidade!"
"Cava Bar","R. Guarará, 565, subsolo, 01425-001 Jardim Paulista, São Paulo - SPwww.cavabar.com.br","Um bar no subsolo de uma casa dos anos 1930. Um balcão de concreto. Coquetéis clássicos e contemporâneos, vinhos, saquês e cervejas. Cardápio com alimentos frescos e orgânicos. Traga seus motivos."
"Cazu Gastrobar","Rua Harmonia, 321, 05441-030 Vila Madalena, São Paulo – SP, (11) 2539-3840www.cazugastrobar.com.br","O Cazu Gastrobar une a boêmia do bar a uma gastronomia autoral e cosmopolita, surpreendendo a todos com receitas criativas, que harmonizam bem com cervejas artesanais selecionadas, drinks inovadores e um ambiente aconchegante."
"Drosophyla","R. Nestor Pestana, 163, 01303-010 Consolação, São Paulo SP, (11) 3120-5535www.drosophyla.com.br","Como disse Ronaldo Fraga, 'o Drosophyla é mais que bar, o conceito Drosophyla costura com muito humor o universo gráfico, o universo musical e o universo gastronômico. Em um mundo onde tudo tem gosto de plástico e o previsível é o prato de todos os dias, o Drosophyla é uma ilha de respiro e estímulo à criatividade individual!' "
"Guilhotina Bar","R. Costa Carvalho, 84, 05429-000 Pinheiros, São Paulo - SP, (11) 3031-0955www.guilhotinabar.com.br","Márcio Silva, premiado bartender e um dos sócios do Guilhotina Bar, viaja pelo mundo mostrando suas criações e, quando está em SP, é possível encontrá-lo no balcão 'arrepiando' nos drinques, ou pelas mesas, trocando uma ideia com a clientela. O Guilhotina é um bar de coquetelaria despretensiosa. Um lugar com uma pegada descontraída, que proporciona experiência e diversão, em uma atmosfera amigável e ambiente que estimula a interação entre os convidados e os bartenders."
"IPo Bar","Rua Mota Pais, 32, 05054-020 Lapa, São Paulo - SP, (11) 3853.6178www.ipobar.com.br","O IPo nasceu do sonho e da inconformação de 5 sócios. Cinco caras que colocam todos os dias as mãos e o coração em cada detalhe, a mão na massa, não só porque o ‘olho do dono que engorda o gado’ mas sim pela paixão de fazer o que se ama. "
"Jim Roof Club","Av. Brig. Faria Lima, 2776, 04151-000 Jardim Paulistano, São Paulo SP, (11) 3044-4032www.thesailor.com.br/jim-roof-club","Anexo ao The Sailor Pub, um espaço com terraço mixa o charme de speakeasy e a efervescência de mini clubs. Coquetéis e appetizers autorais, além de shows acústicos e os novos DJs da cena."
"Must Bar","Alameda Santos, 1437, 01419-001 Jardim Paulista, São Paulo - SP, (11) 3146-5832www.tivolihotels.com/pt/tivoli-mofarrej-sao-paulo/restaurants","Com vista para a piscina mais cool da cidade, o Must Bar aposta em menus diferentes para o dia e a noite com craft drinks elaborados por Jessica Sanchez – já eleita a melhor bartender do Brasil pelo Cocktail Journey Diageo. O destaque também fica para as noites de música ao vivo que acontecem durante a semana."
"Negroni","R. Padre Carvalho, 30, 01451-001 Pinheiros, São Paulo - SP, (11) 2337-4855www.negroni.com.br","Sucesso de público desde sua abertura em maio de 2016, o Negroni faz uma imersão do cliente em uma experiência completa e diferenciada com aspectos relacionados ao universo deste coquetel clássico italiano. Trazendo inspiração não só na gastronomia e na coquetelaria, mas também através da arquitetura, da decoração, da música e da paleta de cores usada."
"O Pasquim ","R. Aspicuelta, 524, 05433-011 Alto de Pinheiros, São Paulo SP, (11) 2337-9487www.opasquimbar.com.br","O bar homenageia o extinto jornal O Pasquim e também os botecos mais antigos ao estilo carioca. No cardápio, mais menções ao jornal e suas ilustrações. Um bar que ao mesmo tempo prestigia os questionadores dos anos 70 e abre espaço para os livres pensadores de hoje, celebrando a amizade, as mudanças e a boa prosa ao redor da mesa. E sobre a mesa, só petiscos e drinks excelentes!"
"Raiz Bar","R. Alves Guimarães, 153, 05410-000 Pinheiros, São Paulo - SP, (11) 3083-3003, (11) 3083-3014www.jacarandabr.com.br/raizbar","Debaixo da grande e centenária árvore Jacarandá, existe um universo paralelo escondido. Descendo as escadas ao lado da adega do restaurante Jacarandá, abrem-se as portas do Raiz, o speakeasy do grupo Antonietta comandado pelo restaurateur Milton Freitas. O bar é um espaço de apreciação musical recheado também de boa gastronomia e coquetéis que impressionam, feitos pelo premiado bartender Laércio Zulu."
"São Paulo Tap House","R. Girassol, 340, 05433-000 Vila Madalena, São Paulo SP, (11) 3530-6602www.spth.com.br","Para quem gosta de números superlativos, eis o lugar certo. Atrás do balcão, enfileiram-se quarenta torneiras de chopes nacionais."
"Caixa Belas Artes","R. da Consolação, 2423, 01301-100 Consolação, São Paulo SP, (11) 2894-5781www.caixabelasartes.com.br ","Um dos cinemas mais tradicionais da cidade, foi reaberto sob o nome CAIXA BELAS ARTES mantendo o estilo da programação de grandes filmes, fora do circuitão. Além disso um ambiente descolado com dois cafés onde as pessoas podem beber e comer algo antes ou depois do filme, encontrar amigos e fazer novos."
"Cinesala","Rua Fradique Coutinho, 361, 05416-010 Pinheiros, São Paulo SP, (11) 5096-0585www.cinesala.com.br","A Cinesala é uma empresa que nasceu com o objetivo de desenvolver cinemas especiais e que tem como sócios Adhemar Oliveira, Paulo Velasco, Raí e Rodrigo Makray. Sempre com uma programação inteligente, a sala oferece duas opções de acomodação: poltronas ou sofás, esses últimos, considerados o charme do Cinesala!"
"Amanary Spa","Av. das Nações Unidas, 13301, 04795-100 Itaim Bibi, São Paulo - SP, (11) 2838-3300www.hyatt.com/corporate/spas/Amanary-Spa/pt/home.html","Considerado um oásis em meio à agitação de São Paulo, o Amanary é o spa urbano do Grand Hyatt São Paulo e foi criado com uma proposta de oferecer aos visitantes uma opção diferenciada para relaxamento e bem-estar do corpo e da mente. Com sete salas privativas de tratamento, piscina aquecida e sauna seca, o Amanary é resultado do casamento entre natureza e tecnologia, e conta com a tradição da Hyatt."
"The Spa Renaissance","Alameda Santos, 2233, 01419-002 Jardins, São Paulo SP, (11) 3069-2233br.thespaatrenaissancesp.com","Um novo conceito: um SPA em São Paulo que aproxima a natureza da agitada vida urbana. Elementos orgânicos da flora brasileira promovem momentos de tranquilidade e relaxamento, antes, durante e depois dos rituais. Uma experiência completa que envolve saúde e bem estar. Desperte sensações e faça novas descobertas em uma jornada direcionada por nossos terapeutas. Relaxe mente e corpo no The Spa at Renaissance, o refúgio ideal na cidade de São Paulo."
"Ibira Walking Tour / Bem São Paulo ","Ponto de Encontro: Museu de Arte Contemporânea, Av. Pedro Alvares Cabral, 1301 - Parque do Ibirapuera, 04094-050 Ibirapuera, São Paulo - SP, (11) 3803-9707www.ibirawalkingtour.com.br","O Ibira Walking Tour é o primeiro e único passeio a pé do Parque do Ibirapuera. Você e um acompanhante por apenas R$ 29,90! Operado pela agência de experiências Bem São Paulo e criado com o apoio da São Paulo Turismo, esta experiência revela curiosidades, história, arte, culture surpresas do Parque do Ibirapuera. Conheça detalhes desta experiência imperdível no site do Ibira Walking Tour."
"Lush Motel","Av. do Estado, 6600,  Cambuci, São Paulo SP, (11) 2271-0020www.lushmotel.com.br","No Lush cada suíte é única, na decoração, nas cores e em alguns diferenciais do projeto. Há uma preocupação com os detalhes, a acomodação, o cardápio e o serviço premium de hotelaria. Cardápio gourmet, carta de vinhos e drinks especiais fazem do Lush uma experiência completa e única. Novas suítes (Lush Splash Arte) foram inauguradas, assinadas pela arquiteta Fabiola Fera em parceria com a fotógrafa Raquel Brust."
"World Wine","JARDINS: Rua Padre João Manuel, 1269 - Telefone: (11) 3085-3055 / ITAIM BIBI: Rua Amauri, 255 - Telefone: (11) 3168-1255 / Shopping Cidade Jardim, Terceiro Piso - Telefone: (11) 3198-9515 / 9518 / VN Conceição: R. Jaques Félix, 626 - Telefone: (11) 3791-9025www.worldwine.com.br"," "
